1,troy_alfor,Troy,Alfor,password1
2,derrick_jarvis,Derrick,Jarvis,password2
3,emilie_blaese,Emilie,Blaese,password3
4,mindy_howard,Mindy,Howard,password4
5,ray_meyers,Ray,Meyers,password5
6,ayah_mcfarlane,Ayah,Mcfarlane,password6
7,amaya_smart,Amaya,Smart,password7
8,faith_harvey,Faith,Harvey,password8
9,aizah_wynn,Aizah,Wynn,password9
10,abdi_brookes,Abdi,Brookes,password10
11,TestUser,testFname,testLname,password